{
  "metadata": {
    "schemaVersion": "1.0",
    "importType": "LEX",
    "importFormat": "JSON"
  },
  "resource": {
    "name": "Investment",
    "version": "3",
    "enumerationValues": [
      {
        "value": "NASDAQ"
      },
      {
        "value": "Gold"
      },
      {
        "value": "Interest Rates"
      },
      {
        "value": "Housing Starts"
      },
      {
        "value": "US Dollar"
      },
      {
        "value": "S&P500",
        "synonyms": [
          "SPY"
        ]
      },
      {
        "value": "Bitcoin",
        "synonyms": [
          "BTC"
        ]
      },
      {
        "value": "Treasuries",
        "synonyms": [
          "10Year, 2Year, 30Year, T-Bill"
        ]
      },
      {
        "value": "Municipal Bonds"
      },
      {
        "value": "Euro"
      },
      {
        "value": "Unemployment"
      },
      {
        "value": "High Yield Bonds",
        "synonyms": [
          "Junk Bonds",
          "Corporate Bonds"
        ]
      },
      {
        "value": "Canadian Dollar"
      },
      {
        "value": "Silver"
      },
      {
        "value": "GDP",
        "synonyms": [
          "GDP"
        ]
      },
      {
        "value": "Oil",
        "synonyms": [
          "Crude"
        ]
      },
      {
        "value": "Dow Jones"
      },
      {
        "value": "Corporate Bonds"
      },
      {
        "value": "Japanese Yen",
        "synonyms": [
          "Yen"
        ]
      },
      {
        "value": "Ethereum",
        "synonyms": [
          "ETH"
        ]
      },
      {
        "value": "Ripple",
        "synonyms": [
          "XRP"
        ]
      },
      {
        "value": "Copper"
      },
      {
        "value": "CPI",
        "synonyms": [
          "Consumer Price Index"
        ]
      },
      {
        "value": "Natural Gas"
      }
    ],
    "valueSelectionStrategy": "TOP_RESOLUTION"
  }
}